nns,AA==,Wg==
nns,AbmDFdbwXPw4ZjjDL1M7Ak30kA2a,EQ==
nns,AdSDgNNc1/zqJxHLZE96/7HeOM9w,SQ==
nns,ArmDFdbwXPw4ZjjDL1M7Ak30kA2aEbN9V4XzDdB64WsIw7xGQ6v5Iio=,YWxwaGFiZXQxLm5lb2Zz
nns,ArmDFdbwXPw4ZjjDL1M7Ak30kA2aG8+XbYjLQWmuxmtiVjd2EJr9kdc=,YWxwaGFiZXQ2Lm5lb2Zz
nns,ArmDFdbwXPw4ZjjDL1M7Ak30kA2aLvLv9v4AOanzutX4iksnDvBwm/Q=,Y29udGFpbmVyLm5lb2Zz
nns,ArmDFdbwXPw4ZjjDL1M7Ak30kA2aQxwczGqCnKl9LsoCxE29O/Cz2kQ=,Z3JvdXAubmVvZnM=
nns,ArmDFdbwXPw4ZjjDL1M7Ak30kA2aUTHminc4FLsYpN5s1frXC6i4GFc=,YWxwaGFiZXQwLm5lb2Zz
nns,ArmDFdbwXPw4ZjjDL1M7Ak30kA2aVjkxviU8PscPzE8nD2zOhKqxBao=,YWxwaGFiZXQ0Lm5lb2Zz
nns,ArmDFdbwXPw4ZjjDL1M7Ak30kA2aX+FUKkMaV9wtaecww404WU4c7TI=,cmVwdXRhdGlvbi5uZW9mcw==
nns,ArmDFdbwXPw4ZjjDL1M7Ak30kA2aZ/DRrNyUEj4QkEI8sRgOPeffmu0=,YWxwaGFiZXQ1Lm5lb2Zz
nns,ArmDFdbwXPw4ZjjDL1M7Ak30kA2abxlk8EpPGT1TQckSYRNQGf8TY3M=,c3VibmV0Lm5lb2Zz
nns,ArmDFdbwXPw4ZjjDL1M7Ak30kA2af+pfVKuB3uXhL4MgV9mdhpS+L+U=,bmVvZnNpZC5uZW9mcw==
nns,ArmDFdbwXPw4ZjjDL1M7Ak30kA2akXYWrtANhtvTHxaFmpkN2+EBx4I=,YmFsYW5jZS5uZW9mcw==
nns,ArmDFdbwXPw4ZjjDL1M7Ak30kA2aoPco9jX8VQj82leSx9gGH55/HE4=,YWxwaGFiZXQzLm5lb2Zz
nns,ArmDFdbwXPw4ZjjDL1M7Ak30kA2auVV20MwTijE7GNcK6xP+jWfdzic=,bmVvZnM=
nns,ArmDFdbwXPw4ZjjDL1M7Ak30kA2auwkKkr0KW82QsE8LSO8ZFfmN8OM=,YWxwaGFiZXQyLm5lb2Zz
nns,ArmDFdbwXPw4ZjjDL1M7Ak30kA2axIkGUg6qDr3BKB7JdWdjI6ggnqM=,bmV0bWFwLm5lb2Zz
nns,ArmDFdbwXPw4ZjjDL1M7Ak30kA2azsEqYYnH0SXppMZd9dtM26esOjg=,cHJveHkubmVvZnM=
nns,ArmDFdbwXPw4ZjjDL1M7Ak30kA2a1mpLI07SH92yzPIrDYjLeDg4d8Y=,YXVkaXQubmVvZnM=
nns,AtSDgNNc1/zqJxHLZE96/7HeOM9wAOCPFKgeWNAuI2/mkXgJeO/6zzI=,ZXJnZmVyMi5jb250YWluZXI=
nns,AtSDgNNc1/zqJxHLZE96/7HeOM9wAreGywkHTCuV4ebw0H/2a5oGGVs=,dGVzdC1hdHRlbXB0czMuY29udGFpbmVy
nns,AtSDgNNc1/zqJxHLZE96/7HeOM9wBxVNba+BXFoL9oUe9BphwLt5sQc=,YWVmZ2V0Mi5jb250YWluZXI=
nns,AtSDgNNc1/zqJxHLZE96/7HeOM9wC35i5hC69dvWZnOhRY9Z0jrlfDI=,dGVzdC1hdHRlbXB0cy5jb250YWluZXI=
nns,AtSDgNNc1/zqJxHLZE96/7HeOM9wDSdFSRuAkZ/6GyKnlmBj519njO4=,ZXJnZmVyLmNvbnRhaW5lcg==
nns,AtSDgNNc1/zqJxHLZE96/7HeOM9wD/PPGgW/dU8CMxKVWbRz4mnXjx4=,cnRnLmNvbnRhaW5lcg==
nns,AtSDgNNc1/zqJxHLZE96/7HeOM9wFUyzv58ZqkcC5DlLZCxXVfq/Ahc=,YnVnZXQuY29udGFpbmVy
nns,AtSDgNNc1/zqJxHLZE96/7HeOM9wFc1aOuaDcvcRH+mOGVhB30Z9Ig4=,cnJlZ3IuY29udGFpbmVy
nns,AtSDgNNc1/zqJxHLZE96/7HeOM9wFsMiGXwR1XPSi8F0GHXFf2kRijo=,ZGtpcmlsbG92LXJjbG9uZS5jb250YWluZXI=
nns,AtSDgNNc1/zqJxHLZE96/7HeOM9wGP3RggLQt2aKs2BCyswS7fHylT8=,dGVzdC1hdHRlbXB0czEuY29udGFpbmVy
nns,AtSDgNNc1/zqJxHLZE96/7HeOM9wG42ojz9vCkDb31yEyhpbnNrUv4k=,YWVmZ2V0MmFlZmdldDJhZWZnZXQyYWVmZ2V0MmFlZmdldDJhZWVmZ2V0MmFlZmdldDJhZS5jb250YWluZXI=
nns,AtSDgNNc1/zqJxHLZE96/7HeOM9wHG4fvSyMXqrtGylmV97aIu3rtgk=,d3JmLmNvbnRhaW5lcg==
nns,AtSDgNNc1/zqJxHLZE96/7HeOM9wIGEUFBoN+7F1DZFTNmXVurDVrKM=,ZGtpcmlsbG92LXJjbG9uZS1yZXAxLmNvbnRhaW5lcg==
nns,AtSDgNNc1/zqJxHLZE96/7HeOM9wKe06ZysrxC3qyN44fD5Y5hmCgzc=,aHR0cDEuY29udGFpbmVy
nns,AtSDgNNc1/zqJxHLZE96/7HeOM9wL1lA3LLvW/asvBvGBEY9Q7fPhjc=,Y29udGFpbmVy
nns,AtSDgNNc1/zqJxHLZE96/7HeOM9wMgkos8AV9pgLSJuStW7BF9auRME=,ZGF0YWxvcmUtbW9kZWxzLmNvbnRhaW5lcg==
nns,AtSDgNNc1/zqJxHLZE96/7HeOM9wNnIBq5TwEpXVWJ7rsxkVjX+brt4=,ZmZydy5jb250YWluZXI=
nns,AtSDgNNc1/zqJxHLZE96/7HeOM9wN3poDh8C2PzVSJOscpvADh+7Hlk=,ZGF0YWxvcmUuY29udGFpbmVy
nns,AtSDgNNc1/zqJxHLZE96/7HeOM9wN9ArDnpfZePyV90zlhzAB4eYK5s=,dGVzdC5jb250YWluZXI=
nns,AtSDgNNc1/zqJxHLZE96/7HeOM9wOkeDGzwYoR7+GX0LnoQx35cujnI=,c2Z2LmNvbnRhaW5lcg==
nns,AtSDgNNc1/zqJxHLZE96/7HeOM9wPjQy4ejlwBQpcafyyXKS+9p1i30=,dGVzdC1hdHRlbXB0czIuY29udGFpbmVy
nns,AtSDgNNc1/zqJxHLZE96/7HeOM9wQUR9H/jow/vxRkysUJeQl8KIJ3Y=,bW5pc3QtaW1nLmNvbnRhaW5lcg==
nns,AtSDgNNc1/zqJxHLZE96/7HeOM9wRGFDPfsxYgJb5wiWZQmQT+sndtI=,YXYtcHJldHR5LWNhdC5jb250YWluZXI=
nns,AtSDgNNc1/zqJxHLZE96/7HeOM9wRyKN0VzlM9dr3HUf3nNxq5wlT3E=,MzRmci5jb250YWluZXI=
nns,AtSDgNNc1/zqJxHLZE96/7HeOM9wR0rw7lZu+1/EGx3BcivMgpLEVsw=,ZGtpcmlsbG92LmNvbnRhaW5lcg==
nns,AtSDgNNc1/zqJxHLZE96/7HeOM9wR6ws48oHovFsRlRqCEm/6J8SZJw=,bmV3LWJ1Y2suY29udGFpbmVy
nns,AtSDgNNc1/zqJxHLZE96/7HeOM9wS4sjhYrndDlc5oz/78qxtrdeNio=,ZmZyd2Zyd2Z2LmNvbnRhaW5lcg==
nns,AtSDgNNc1/zqJxHLZE96/7HeOM9wThft4Nw/R+s4NcaaoOPJZv2eZxA=,dG1wLXQyLmNvbnRhaW5lcg==
nns,AtSDgNNc1/zqJxHLZE96/7HeOM9wV6SFp3YAQ06tKoQ2u5C3eQMWrlg=,YWVmZ2V0MmFlZmdldDJhZWZnZXQyYWVmZ2V0MmFlZmdldDJhZS5jb250YWluZXI=
nns,AtSDgNNc1/zqJxHLZE96/7HeOM9wWCt3UIte10m/qZJOeQmns3JNLeA=,aHR0cDFyZS5jb250YWluZXI=
nns,AtSDgNNc1/zqJxHLZE96/7HeOM9wW7VkA3mq9lhsnx1zt9FrrmhgdbY=,ZXJ0Zy5jb250YWluZXI=
nns,AtSDgNNc1/zqJxHLZE96/7HeOM9wYIRRliMtpSLhswzNZhMdJgi6MPY=,dGVzdDIuY29udGFpbmVy
nns,AtSDgNNc1/zqJxHLZE96/7HeOM9wY+QBvmcpNNmFRd3zVWuYG5ONJGo=,ZnJzZi5jb250YWluZXI=
nns,AtSDgNNc1/zqJxHLZE96/7HeOM9wZYMuanvEp3GgxyHWdBudp7qQrEA=,NGNhdC5jb250YWluZXI=
nns,AtSDgNNc1/zqJxHLZE96/7HeOM9wZZehWY+gk5q2X3Hp0dvvKvnpKO0=,Y2F0MjIuY29udGFpbmVy
nns,AtSDgNNc1/zqJxHLZE96/7HeOM9wb8SsIInDAZbIWVAYt0FIY3pjLXY=,Y2F0Zi5jb250YWluZXI=
nns,AtSDgNNc1/zqJxHLZE96/7HeOM9wcFu4w6EThHAGtGHMBYkNi5rGuH4=,ZWFjbC5jb250YWluZXI=
nns,AtSDgNNc1/zqJxHLZE96/7HeOM9wchrMDgkbfm9IhpNEFPIq1/kJEYU=,ZWFjbDIuY29udGFpbmVy
nns,AtSDgNNc1/zqJxHLZE96/7HeOM9wez3hHx7nnZ2Qied+HoI7NU3fi7o=,Y2F0MjMuY29udGFpbmVy
nns,AtSDgNNc1/zqJxHLZE96/7HeOM9wh4vZh0LZIxqpD3jSuqNMrPy82NM=,dGVzdDQ0LmNvbnRhaW5lcg==
nns,AtSDgNNc1/zqJxHLZE96/7HeOM9wjTNzDbnFkyKlmJCij+h0ursq5iw=,cmZ3Zi5jb250YWluZXI=
nns,AtSDgNNc1/zqJxHLZE96/7HeOM9wjX3YA1pWJX2cYjzRny7j48cK/S4=,ZXRiLmNvbnRhaW5lcg==
nns,AtSDgNNc1/zqJxHLZE96/7HeOM9wjmP0m+LRCBq4/6/Au6haxjz6B5c=,cnRndGUuY29udGFpbmVy
nns,AtSDgNNc1/zqJxHLZE96/7HeOM9wkMAxpFEXoQHTXPIXLNxHUBkcrBE=,YnVrZXQuY29udGFpbmVy
nns,AtSDgNNc1/zqJxHLZE96/7HeOM9wkbyEyMYcPwG+a2JtPvmy7vupfOQ=,Y25yLW5hbWUuY29udGFpbmVy
nns,AtSDgNNc1/zqJxHLZE96/7HeOM9wkd5nA3VA8sroi+YE5pyVHat43CQ=,Y2F0LmNvbnRhaW5lcg==
nns,AtSDgNNc1/zqJxHLZE96/7HeOM9wk/8CsRFq6+DOmF1RIt/K5/jP5tw=,dGVzdGZyLmNvbnRhaW5lcg==
nns,AtSDgNNc1/zqJxHLZE96/7HeOM9wnv0XyGTzcV6iWWnsElkwdK8nS0k=,Z2VyLmNvbnRhaW5lcg==
nns,AtSDgNNc1/zqJxHLZE96/7HeOM9wn3FnxtaZC7dbD1gykKbesd+V3+4=,dnNyLmNvbnRhaW5lcg==
nns,AtSDgNNc1/zqJxHLZE96/7HeOM9wo6aPUu1MEJlQxzH2ZF9xX5EukSQ=,ZXJnLmNvbnRhaW5lcg==
nns,AtSDgNNc1/zqJxHLZE96/7HeOM9wraHHfcRaVXFYwuUFpCDxqFCX5ko=,ZnJyd2YuY29udGFpbmVy
nns,AtSDgNNc1/zqJxHLZE96/7HeOM9wr/0cW2ZdCrGX2OjLCZNKI7Gnu+Y=,dnJzdi5jb250YWluZXI=
nns,AtSDgNNc1/zqJxHLZE96/7HeOM9wtoPUvM/CWwLRDnSSzcC/Ny4VNL4=,ZGtpcmlsbG92Mi5jb250YWluZXI=
nns,AtSDgNNc1/zqJxHLZE96/7HeOM9wtpOwgwufFNENuyYMKCZ5ud805M4=,ZGZkZi5jb250YWluZXI=
nns,AtSDgNNc1/zqJxHLZE96/7HeOM9wua25ex1TjRbZXjdzJwId0CWcwPc=,ZG9tYWluLW5hbWUuY29udGFpbmVy
nns,AtSDgNNc1/zqJxHLZE96/7HeOM9wwAXBlHO9HSOdKuBXEr4JZ8rjq9c=,cnd0YnJldGIuY29udGFpbmVy
nns,AtSDgNNc1/zqJxHLZE96/7HeOM9wwiJE1uLSU7jCJ3/0AeDZjIYWNeQ=,cXdlcXdlLmNvbnRhaW5lcg==
nns,AtSDgNNc1/zqJxHLZE96/7HeOM9wyUBepACia9O0gaMa2DzuR0CPZ+A=,ZnJ3LmNvbnRhaW5lcg==
nns,AtSDgNNc1/zqJxHLZE96/7HeOM9wyqV6ks8dpxwvC3cg8LA99fTSm8M=,ZXJmZXJmLmNvbnRhaW5lcg==
nns,AtSDgNNc1/zqJxHLZE96/7HeOM9w0Z/4Vgjrz3WHDpw15BxAeG63wmA=,Y2EyLmNvbnRhaW5lcg==
nns,AtSDgNNc1/zqJxHLZE96/7HeOM9w0wHMlqjwYzZDTFAnjGg5vJPBaDE=,Z2V0dmcuY29udGFpbmVy
nns,AtSDgNNc1/zqJxHLZE96/7HeOM9w0+OU76MhjejbXVWQDRkZwdX2BIY=,ZXJ2LmNvbnRhaW5lcg==
nns,AtSDgNNc1/zqJxHLZE96/7HeOM9w2KFSq06OJ5f8izjcsBB8SV7hygQ=,dGVzdGZyMzQ1My5jb250YWluZXI=
nns,AtSDgNNc1/zqJxHLZE96/7HeOM9w2ObmE2K++qp9kcUU+wdC3udJQ/E=,dGVzdC10LmNvbnRhaW5lcg==
nns,AtSDgNNc1/zqJxHLZE96/7HeOM9w6fBJ3cbm4a2tc5+QDxH79uKbyMU=,Y2F0Mi5jb250YWluZXI=
nns,AtSDgNNc1/zqJxHLZE96/7HeOM9w7okLzJIp86mXJmoc1LL10USqsnQ=,bW5pc3QtbW9kZWwuY29udGFpbmVy
nns,AtSDgNNc1/zqJxHLZE96/7HeOM9w77TEBbkegBKuMSDFm+E7qfeyADs=,ZndmcncuY29udGFpbmVy
nns,AtSDgNNc1/zqJxHLZE96/7HeOM9w8WToronXyPcFONImyCE1dComMdM=,cmZ3LmNvbnRhaW5lcg==
nns,AtSDgNNc1/zqJxHLZE96/7HeOM9w9gaDi0nWUxElcX4ygQ/0AwbpgKc=,dGVzdG1pa2UuY29udGFpbmVy
nns,AtSDgNNc1/zqJxHLZE96/7HeOM9w+JrzC7rXR3FDAnCxMuGeqLIS6mI=,ZGF0YWxvcmUtbW5pc3QuY29udGFpbmVy
nns,AtSDgNNc1/zqJxHLZE96/7HeOM9w+or75gtTXLrEAA+XxuJvoF/csOk=,Y2FjdC5jb250YWluZXI=
nns,AtSDgNNc1/zqJxHLZE96/7HeOM9w+sG/1umDx6kPUkiO9/BbQbXRRDg=,cmVmdi5jb250YWluZXI=
nns,AtSDgNNc1/zqJxHLZE96/7HeOM9w+6xipsWpikGM/vMZAU2yhWx7bLM=,ZnJ3ci5jb250YWluZXI=
nns,EA==,AMqaOw==
nns,IGNvbnRhaW5lcg==,
nns,IG5lb2Zz,
nns,IQDgjxSoHljQLiNv5pF4CXjv+s8y,QQQoFNSDgNNc1/zqJxHLZE96/7HeOM9wMBFlcmdmZXIyLmNvbnRhaW5lciEG03Qp7IQBAA==
nns,IQK3hssJB0wrleHm8NB/9muaBhlb,QQQoFNSDgNNc1/zqJxHLZE96/7HeOM9wMBh0ZXN0LWF0dGVtcHRzMy5jb250YWluZXIhBqZiP3WLAQA=
nns,IQcVTW2vgVxaC/aFHvQaYcC7ebEH,QQQoFNSDgNNc1/zqJxHLZE96/7HeOM9wMBFhZWZnZXQyLmNvbnRhaW5lciEGpSMv7IQBAA==
nns,IQt+YuYQuvXb1mZzoUWPWdI65Xwy,QQQoFNSDgNNc1/zqJxHLZE96/7HeOM9wMBd0ZXN0LWF0dGVtcHRzLmNvbnRhaW5lciEG87c5dYsBAA==
nns,IQ0nRUkbgJGf+hsip5ZgY+dfZ4zu,QQQoFNSDgNNc1/zqJxHLZE96/7HeOM9wMBBlcmdmZXIuY29udGFpbmVyIQa/ts9hiwEA
nns,IQ/zzxoFv3VPAjMSlVm0c+Jp148e,QQQoFNSDgNNc1/zqJxHLZE96/7HeOM9wMA1ydGcuY29udGFpbmVyIQbkYtyXigEA
nns,IRGzfVeF8w3QeuFrCMO8RkOr+SIq,QQQoFLmDFdbwXPw4ZjjDL1M7Ak30kA2aKA9hbHBoYWJldDEubmVvZnMhBq68p9bSAQA=
nns,IRVMs7+fGapHAuQ5S2QsV1X6vwIX,QQQoFNSDgNNc1/zqJxHLZE96/7HeOM9wMA9idWdldC5jb250YWluZXIhBpDXlmaLAQA=
nns,IRXNWjrmg3L3ER/pjhlYQd9GfSIO,QQQoFNSDgNNc1/zqJxHLZE96/7HeOM9wMA9ycmVnci5jb250YWluZXIhBibi9NCKAQA=
nns,IRbDIhl8EdVz0ovBdBh1xX9pEYo6,QQQoFNSDgNNc1/zqJxHLZE96/7HeOM9wMBpka2lyaWxsb3YtcmNsb25lLmNvbnRhaW5lciEG6mwRHosBAA==
nns,IRj90YIC0LdmirNgQsrMEu3x8pU/,QQQoFNSDgNNc1/zqJxHLZE96/7HeOM9wMBh0ZXN0LWF0dGVtcHRzMS5jb250YWluZXIhBp4FPXWLAQA=
nns,IRuNqI8/bwpA299chMoaW5za1L+J,QQQoFNSDgNNc1/zqJxHLZE96/7HeOM9wMD5hZWZnZXQyYWVmZ2V0MmFlZmdldDJhZWZnZXQyYWVmZ2V0MmFlZWZnZXQyYWVmZ2V0MmFlLmNvbnRhaW5lciEGno8w7IQBAA==
nns,IRvPl22Iy0FprsZrYlY3dhCa/ZHX,QQQoFLmDFdbwXPw4ZjjDL1M7Ak30kA2aKA9hbHBoYWJldDYubmVvZnMhBq68p9bSAQA=
nns,IRxuH70sjF6q7RspZlfe2iLt67YJ,QQQoFNSDgNNc1/zqJxHLZE96/7HeOM9wMA13cmYuY29udGFpbmVyIQY9MVWuhAEA
nns,ISBhFBQaDfuxdQ2RUzZl1bqw1ayj,QQQoFNSDgNNc1/zqJxHLZE96/7HeOM9wMB9ka2lyaWxsb3YtcmNsb25lLXJlcDEuY29udGFpbmVyIQa3cjIeiwEA
nns,ISntOmcrK8Qt6sjeOHw+WOYZgoM3,QQQoFNSDgNNc1/zqJxHLZE96/7HeOM9wMA9odHRwMS5jb250YWluZXIhBqWkKuyEAQA=
nns,IS7y7/b+ADmp87rV+IpLJw7wcJv0,QQQoFLmDFdbwXPw4ZjjDL1M7Ak30kA2aKA9jb250YWluZXIubmVvZnMhBq68p9bSAQA=
nns,IS9ZQNyy71v2rLwbxgRGPUO3z4Y3,QQQoFNSDgNNc1/zqJxHLZE96/7HeOM9wKAljb250YWluZXIhBsbUummJAQA=
nns,ITIJKLPAFfaYC0ibkrVuwRfWrkTB,QQQoFNSDgNNc1/zqJxHLZE96/7HeOM9wMBlkYXRhbG9yZS1tb2RlbHMuY29udGFpbmVyIQYGrhxxiwEA
nns,ITZyAauU8BKV1Vie67MZFY1/m67e,QQQoFNSDgNNc1/zqJxHLZE96/7HeOM9wMA5mZnJ3LmNvbnRhaW5lciEGC6ywqYsBAA==
nns,ITd6aA4fAtj81UiTrHKbwA4fux5Z,QQQoFNSDgNNc1/zqJxHLZE96/7HeOM9wMBJkYXRhbG9yZS5jb250YWluZXIhBkqrLGyLAQA=
nns,ITfQKw56X2Xj8lfdM5YcwAeHmCub,QQQoFNSDgNNc1/zqJxHLZE96/7HeOM9wMA50ZXN0LmNvbnRhaW5lciEGeOY2bYsBAA==
nns,ITpHgxs8GKEe/hl9C56EMd+XLo5y,QQQoFNSDgNNc1/zqJxHLZE96/7HeOM9wMA1zZnYuY29udGFpbmVyIQZjf6FNiwEA
nns,IT40MuHo5cAUKXGn8slykvvadYt9,QQQoFNSDgNNc1/zqJxHLZE96/7HeOM9wMBh0ZXN0LWF0dGVtcHRzMi5jb250YWluZXIhBoP3PXWLAQA=
nns,IUFEfR/46MP78UZMrFCXkJfCiCd2,QQQoFNSDgNNc1/zqJxHLZE96/7HeOM9wMBNtbmlzdC1pbWcuY29udGFpbmVyIQYpq3SehAEA
nns,IUMcHMxqgpypfS7KAsRNvTvws9pE,QQQoFLmDFdbwXPw4ZjjDL1M7Ak30kA2aKAtncm91cC5uZW9mcyEGrryn1tIBAA==
nns,IURhQz37MWICW+cIlmUJkE/rJ3bS,QQQoFNSDgNNc1/zqJxHLZE96/7HeOM9wMBdhdi1wcmV0dHktY2F0LmNvbnRhaW5lciEG2nfzj4sBAA==
nns,IUcijdFc5TPXa9x1H95zcaucJU9x,QQQoFNSDgNNc1/zqJxHLZE96/7HeOM9wMA4zNGZyLmNvbnRhaW5lciEG+Msn7IQBAA==
nns,IUdK8O5WbvtfxBsdwXIrzIKSxFbM,QQQoFNSDgNNc1/zqJxHLZE96/7HeOM9wMBNka2lyaWxsb3YuY29udGFpbmVyIQZd58pqigEA
nns,IUesLOPKB6LxbEZUaghJv+ifEmSc,QQQoFNSDgNNc1/zqJxHLZE96/7HeOM9wMBJuZXctYnVjay5jb250YWluZXIhBhxLUq+EAQA=
nns,IUuLI4WK53Q5XOaM/+/Ksba3XjYq,QQQoFNSDgNNc1/zqJxHLZE96/7HeOM9wMBNmZnJ3ZnJ3ZnYuY29udGFpbmVyIQb9Ea1NiwEA
nns,IU4X7eDcP0frODXGmqDjyWb9nmcQ,QQQoFNSDgNNc1/zqJxHLZE96/7HeOM9wMBB0bXAtdDIuY29udGFpbmVyIQaogQauigEA
nns,IVEx5op3OBS7GKTebNX61wuouBhX,QQQoFLmDFdbwXPw4ZjjDL1M7Ak30kA2aKA9hbHBoYWJldDAubmVvZnMhBq68p9bSAQA=
nns,IVY5Mb4lPD7HD8xPJw9szoSqsQWq,QQQoFLmDFdbwXPw4ZjjDL1M7Ak30kA2aKA9hbHBoYWJldDQubmVvZnMhBq68p9bSAQA=
nns,IVekhad2AENOrSqENruQt3kDFq5Y,QQQoFNSDgNNc1/zqJxHLZE96/7HeOM9wMC9hZWZnZXQyYWVmZ2V0MmFlZmdldDJhZWZnZXQyYWVmZ2V0MmFlLmNvbnRhaW5lciEGF9ov7IQBAA==
nns,IVgrd1CLXtdJv6mSTnkJp7NyTS3g,QQQoFNSDgNNc1/zqJxHLZE96/7HeOM9wMBFodHRwMXJlLmNvbnRhaW5lciEGcR0r7IQBAA==
nns,IVu1ZAN5qvZYbJ8dc7fRa65oYHW2,QQQoFNSDgNNc1/zqJxHLZE96/7HeOM9wMA5lcnRnLmNvbnRhaW5lciEGf5TNYYsBAA==
nns,IV/hVCpDGlfcLWnnMMONOFlOHO0y,QQQoFLmDFdbwXPw4ZjjDL1M7Ak30kA2aKBByZXB1dGF0aW9uLm5lb2ZzIQauvKfW0gEA
nns,IWCEUZYjLaUi4bMMzWYTHSYIujD2,QQQoFNSDgNNc1/zqJxHLZE96/7HeOM9wMA90ZXN0Mi5jb250YWluZXIhBh1LZoWEAQA=
nns,IWPkAb5nKTTZhUXd81VrmBuTjSRq,QQQoFNSDgNNc1/zqJxHLZE96/7HeOM9wMA5mcnNmLmNvbnRhaW5lciEG94RYcIsBAA==
nns,IWWDLmp7xKdxoMch1nQbnae6kKxA,QQQoFNSDgNNc1/zqJxHLZE96/7HeOM9wMA40Y2F0LmNvbnRhaW5lciEGzTv4iYoBAA==
nns,IWWXoVmPoJOatl9x6dHb7yr56Sjt,QQQoFNSDgNNc1/zqJxHLZE96/7HeOM9wMA9jYXQyMi5jb250YWluZXIhBg7zbkyLAQA=
nns,IWfw0azclBI+EJBCPLEYDj3n35rt,QQQoFLmDFdbwXPw4ZjjDL1M7Ak30kA2aKA9hbHBoYWJldDUubmVvZnMhBq68p9bSAQA=
nns,IW8ZZPBKTxk9U0HJEmETUBn/E2Nz,QQQoFLmDFdbwXPw4ZjjDL1M7Ak30kA2aKAxzdWJuZXQubmVvZnMhBq68p9bSAQA=
nns,IW/ErCCJwwGWyFlQGLdBSGN6Yy12,QQQoFNSDgNNc1/zqJxHLZE96/7HeOM9wMA5jYXRmLmNvbnRhaW5lciEG/QdKdIoBAA==
nns,IXBbuMOhE4RwBrRhzAWJDYuaxrh+,QQQoFNSDgNNc1/zqJxHLZE96/7HeOM9wMA5lYWNsLmNvbnRhaW5lciEGv7kZmIoBAA==
nns,IXIazA4JG35vSIaTRBTyKtf5CRGF,QQQoFNSDgNNc1/zqJxHLZE96/7HeOM9wMA9lYWNsMi5jb250YWluZXIhBl18LpiKAQA=
nns,IXs94R8e552dkInnfh6COzVN34u6,QQQoFNSDgNNc1/zqJxHLZE96/7HeOM9wMA9jYXQyMy5jb250YWluZXIhBoDwEZiKAQA=
nns,IX/qX1Srgd7l4S+DIFfZnYaUvi/l,QQQoFLmDFdbwXPw4ZjjDL1M7Ak30kA2aKA1uZW9mc2lkLm5lb2ZzIQauvKfW0gEA
nns,IYeL2YdC2SMaqQ940rqjTKz8vNjT,QQQoFNSDgNNc1/zqJxHLZE96/7HeOM9wMBB0ZXN0NDQuY29udGFpbmVyIQax00rmigEA
nns,IY0zcw25xZMipZiQoo/odLq7KuYs,QQQoFNSDgNNc1/zqJxHLZE96/7HeOM9wMA5yZndmLmNvbnRhaW5lciEGhy5QrYoBAA==
nns,IY192ANaViV9nGI80Z8u4+PHCv0u,QQQoFNSDgNNc1/zqJxHLZE96/7HeOM9wMA1ldGIuY29udGFpbmVyIQbWtKpNiwEA
nns,IY5j9Jvi0QgauP+vwLuoWsY8+geX,QQQoFNSDgNNc1/zqJxHLZE96/7HeOM9wMA9ydGd0ZS5jb250YWluZXIhBq0OzmGLAQA=
nns,IZDAMaRRF6EB01zyFyzcR1AZHKwR,QQQoFNSDgNNc1/zqJxHLZE96/7HeOM9wMA9idWtldC5jb250YWluZXIhBi+ZVa+EAQA=
nns,IZF2Fq7QDYbb0x8WhZqZDdvhAceC,QQQoFLmDFdbwXPw4ZjjDL1M7Ak30kA2aKA1iYWxhbmNlLm5lb2ZzIQauvKfW0gEA
nns,IZG8hMjGHD8BvmtibT75su77qXzk,QQQoFNSDgNNc1/zqJxHLZE96/7HeOM9wMBJjbnItbmFtZS5jb250YWluZXIhBt8MBXmKAQA=
nns,IZHeZwN1QPLK6IvmBOaclR2reNwk,QQQoFNSDgNNc1/zqJxHLZE96/7HeOM9wMA1jYXQuY29udGFpbmVyIQZ7JFRWigEA
nns,IZP/ArERauvgzphdUSLfyuf4z+bc,QQQoFNSDgNNc1/zqJxHLZE96/7HeOM9wMBB0ZXN0ZnIuY29udGFpbmVyIQYZnTdtiwEA
nns,IZ79F8hk83Feollp7BJZMHSvJ0tJ,QQQoFNSDgNNc1/zqJxHLZE96/7HeOM9wMA1nZXIuY29udGFpbmVyIQb33rBRiwEA
nns,IZ9xZ8bWmQu3Ww9YMpCm3rHfld/u,QQQoFNSDgNNc1/zqJxHLZE96/7HeOM9wMA12c3IuY29udGFpbmVyIQao6qJNiwEA
nns,IaD3KPY1/FUI/NpXksfYBh+efxxO,QQQoFLmDFdbwXPw4ZjjDL1M7Ak30kA2aKA9hbHBoYWJldDMubmVvZnMhBq68p9bSAQA=
nns,IaOmj1LtTBCZUMcx9mRfcV+RLpEk,QQQoFNSDgNNc1/zqJxHLZE96/7HeOM9wMA1lcmcuY29udGFpbmVyIQbtJ8NMiwEA
nns,Ia2hx33EWlVxWMLlBaQg8ahQl+ZK,QQQoFNSDgNNc1/zqJxHLZE96/7HeOM9wMA9mcnJ3Zi5jb250YWluZXIhBh7ZsE2LAQA=
nns,Ia/9HFtmXQqxl9joywmTSiOxp7vm,QQQoFNSDgNNc1/zqJxHLZE96/7HeOM9wMA52cnN2LmNvbnRhaW5lciEGkeOrTYsBAA==
nns,IbaD1LzPwlsC0Q50ks3AvzcuFTS+,QQQoFNSDgNNc1/zqJxHLZE96/7HeOM9wMBRka2lyaWxsb3YyLmNvbnRhaW5lciEGCjJVjYoBAA==
nns,IbaTsIMLnxTRDbsmDCgmebnfNOTO,QQQoFNSDgNNc1/zqJxHLZE96/7HeOM9wMA5kZmRmLmNvbnRhaW5lciEGJ6bJdIoBAA==
nns,IblVdtDME4oxOxjXCusT/o1n3c4n,QQQoFLmDFdbwXPw4ZjjDL1M7Ak30kA2aKAVuZW9mcyEGjtcJhuEBAA==
nns,IbmtuXsdU40W2V43cycCHdAlnMD3,QQQoFNSDgNNc1/zqJxHLZE96/7HeOM9wMBVkb21haW4tbmFtZS5jb250YWluZXIhBohMyzGGAQA=
nns,IbsJCpK9ClvNkLBPC0jvGRX5jfDj,QQQoFLmDFdbwXPw4ZjjDL1M7Ak30kA2aKA9hbHBoYWJldDIubmVvZnMhBq68p9bSAQA=
nns,IcAFwZRzvR0jnSrgVxK+CWfK46vX,QQQoFNSDgNNc1/zqJxHLZE96/7HeOM9wMBJyd3RicmV0Yi5jb250YWluZXIhBgKffNGKAQA=
nns,IcIiRNbi0lO4wid/9AHg2YyGFjXk,QQQoFNSDgNNc1/zqJxHLZE96/7HeOM9wMBBxd2Vxd2UuY29udGFpbmVyIQZU5lWuhAEA
nns,IcSJBlIOqg69wSgeyXVnYyOoIJ6j,QQQoFLmDFdbwXPw4ZjjDL1M7Ak30kA2aKAxuZXRtYXAubmVvZnMhBq68p9bSAQA=
nns,IclAXqQAomvTtIGjGtg87kdAj2fg,QQQoFNSDgNNc1/zqJxHLZE96/7HeOM9wMA1mcncuY29udGFpbmVyIQbmrcKDigEA
nns,IcqlepLPHaccLwt3IPCwPfX00pvD,QQQoFNSDgNNc1/zqJxHLZE96/7HeOM9wMBBlcmZlcmYuY29udGFpbmVyIQZUeuphiwEA
nns,Ic7BKmGJx9El6aTGXfXbTNunrDo4,QQQoFLmDFdbwXPw4ZjjDL1M7Ak30kA2aKAtwcm94eS5uZW9mcyEGrryn1tIBAA==
nns,IdGf+FYI6891hw6cNeQcQHhut8Jg,QQQoFNSDgNNc1/zqJxHLZE96/7HeOM9wMA1jYTIuY29udGFpbmVyIQZ4v0NNiwEA
nns,IdMBzJao8GM2Q0xQJ4xoObyTwWgx,QQQoFNSDgNNc1/zqJxHLZE96/7HeOM9wMA9nZXR2Zy5jb250YWluZXIhBvsxr02LAQA=
nns,IdPjlO+jIY3o211VkA0ZGcHV9gSG,QQQoFNSDgNNc1/zqJxHLZE96/7HeOM9wMA1lcnYuY29udGFpbmVyIQbUcHvRigEA
nns,IdZqSyNO0h/dsszyKw2Iy3g4OHfG,QQQoFLmDFdbwXPw4ZjjDL1M7Ak30kA2aKAthdWRpdC5uZW9mcyEGrryn1tIBAA==
nns,IdihUqtOjieX/Is43LAQfEle4coE,QQQoFNSDgNNc1/zqJxHLZE96/7HeOM9wMBR0ZXN0ZnIzNDUzLmNvbnRhaW5lciEGkMs4bYsBAA==
nns,Idjm5hNivvqqfZHFFPsHQt7nSUPx,QQQoFNSDgNNc1/zqJxHLZE96/7HeOM9wMBB0ZXN0LXQuY29udGFpbmVyIQYTJgSuigEA
nns,IenwSd3G5uGtrXOfkA8R+/bim8jF,QQQoFNSDgNNc1/zqJxHLZE96/7HeOM9wMA5jYXQyLmNvbnRhaW5lciEGGiTSdIoBAA==
nns,Ie6JC8ySKfOplyZqHNSy9dFEqrJ0,QQQoFNSDgNNc1/zqJxHLZE96/7HeOM9wMBVtbmlzdC1tb2RlbC5jb250YWluZXIhBtbAWXGLAQA=
nns,Ie+0xAW5HoASrjEgxZvhO6n3sgA7,QQQoFNSDgNNc1/zqJxHLZE96/7HeOM9wMA9md2Zydy5jb250YWluZXIhBifn62GLAQA=
nns,IfFk6K6J18j3BTjSJsghNXQqJjHT,QQQoFNSDgNNc1/zqJxHLZE96/7HeOM9wMA1yZncuY29udGFpbmVyIQbQLqtNiwEA
nns,IfYGg4tJ1lMRJXF+MoEP9AMG6YCn,QQQoFNSDgNNc1/zqJxHLZE96/7HeOM9wMBJ0ZXN0bWlrZS5jb250YWluZXIhBjBK8sGKAQA=
nns,Ifia8wu610dxQwJwsTLhnqiyEupi,QQQoFNSDgNNc1/zqJxHLZE96/7HeOM9wMBhkYXRhbG9yZS1tbmlzdC5jb250YWluZXIhBrq0SHGLAQA=
nns,IfqK++YLU1y6xAAPl8bib6Bf3LDp,QQQoFNSDgNNc1/zqJxHLZE96/7HeOM9wMA5jYWN0LmNvbnRhaW5lciEG9dRKTYsBAA==
nns,IfrBv9bpg8epD1JIjvfwW0G10UQ4,QQQoFNSDgNNc1/zqJxHLZE96/7HeOM9wMA5yZWZ2LmNvbnRhaW5lciEGWuwUUosBAA==
nns,IfusYqbFqYpBjP7zGQFNsoVse2yz,QQQoFNSDgNNc1/zqJxHLZE96/7HeOM9wMA5mcndyLmNvbnRhaW5lciEGdQwXUosBAA==
nns,IgDgjxSoHljQLiNv5pF4CXjv+s8yAOCPFKgeWNAuI2/mkXgJeO/6zzIGAA==,QQQwEWVyZ2ZlcjIuY29udGFpbmVyIQEGMEFlcmdmZXIyLmNvbnRhaW5lciBvcHNAbnNwY2MucnUgMTY2OTgwNDg5OTA3OCAzNjAwIDYwMCA2MDQ4MDAgMzYwMCEA
nns,IgK3hssJB0wrleHm8NB/9muaBhlbAreGywkHTCuV4ebw0H/2a5oGGVsGAA==,QQQwGHRlc3QtYXR0ZW1wdHMzLmNvbnRhaW5lciEBBjBIdGVzdC1hdHRlbXB0czMuY29udGFpbmVyIG9wc0Buc3BjYy5ydSAxNjY2OTQzMTcwMjE0IDM2MDAgNjAwIDYwNDgwMCAzNjAwIQA=
nns,IgK3hssJB0wrleHm8NB/9muaBhlbAreGywkHTCuV4ebw0H/2a5oGGVsQAA==,QQQwGHRlc3QtYXR0ZW1wdHMzLmNvbnRhaW5lciEBECgrVkpGQ25UOTFBUGt6WmtYYlo3YUplWExzR1lid2RMVHRiQUFGWnhNa2RaRSEA
nns,IgcVTW2vgVxaC/aFHvQaYcC7ebEHBxVNba+BXFoL9oUe9BphwLt5sQcGAA==,QQQwEWFlZmdldDIuY29udGFpbmVyIQEGMEFhZWZnZXQyLmNvbnRhaW5lciBvcHNAbnNwY2MucnUgMTY2OTgwNTAyMzE0MSAzNjAwIDYwMCA2MDQ4MDAgMzYwMCEA
nns,IgcVTW2vgVxaC/aFHvQaYcC7ebEHBxVNba+BXFoL9oUe9BphwLt5sQcQAA==,QQQwEWFlZmdldDIuY29udGFpbmVyIQEQKCxEdG1kNWZRcFRwZ0FiM2tNZ1hoZVpFakh6WTJzcVd3SGdRWjl0dzk3V3hhaCEA
nns,Igt+YuYQuvXb1mZzoUWPWdI65XwyC35i5hC69dvWZnOhRY9Z0jrlfDIGAA==,QQQwF3Rlc3QtYXR0ZW1wdHMuY29udGFpbmVyIQEGMEd0ZXN0LWF0dGVtcHRzLmNvbnRhaW5lciBvcHNAbnNwY2MucnUgMTY2Njk0Mjc5ODgzNSAzNjAwIDYwMCA2MDQ4MDAgMzYwMCEA
nns,Igt+YuYQuvXb1mZzoUWPWdI65XwyC35i5hC69dvWZnOhRY9Z0jrlfDIQAA==,QQQwF3Rlc3QtYXR0ZW1wdHMuY29udGFpbmVyIQEQKCxHcU5SMVh0a3VjTWN4RTg2RnRBTGpWVVNGVlJFYTlaTUYyZmJtZVhFZmZKViEA
nns,Ig0nRUkbgJGf+hsip5ZgY+dfZ4zuDSdFSRuAkZ/6GyKnlmBj519njO4GAA==,QQQwEGVyZ2Zlci5jb250YWluZXIhAQYwQGVyZ2Zlci5jb250YWluZXIgb3BzQG5zcGNjLnJ1IDE2Njk4MDQ4ODM1MjIgMzYwMCA2MDAgNjA0ODAwIDM2MDAhAA==
nns,Ig/zzxoFv3VPAjMSlVm0c+Jp148eD/PPGgW/dU8CMxKVWbRz4mnXjx4GAA==,QQQwDXJ0Zy5jb250YWluZXIhAQYwPXJ0Zy5jb250YWluZXIgb3BzQG5zcGNjLnJ1IDE2NjM3NjE3NzMzODIgMzYwMCA2MDAgNjA0ODAwIDM2MDAhAA==
nns,IhGzfVeF8w3QeuFrCMO8RkOr+SIqEbN9V4XzDdB64WsIw7xGQ6v5IioGAA==,QQQoD2FscGhhYmV0MS5uZW9mcyEBBjA/YWxwaGFiZXQxLm5lb2ZzIG9wc0Buc3BjYy5ydSAxNjU4MTYwMDc2OTc0IDM2MDAgNjAwIDYwNDgwMCAzNjAwIQA=
nns,IhGzfVeF8w3QeuFrCMO8RkOr+SIqEbN9V4XzDdB64WsIw7xGQ6v5IioQAA==,QQQoD2FscGhhYmV0MS5uZW9mcyEBECgoMWJmMTM0YjdlNjgxOTVlZjNjNDFiNTA2NTJmNGVhMGYxNDQ3YmJkNiEA
nns,IhVMs7+fGapHAuQ5S2QsV1X6vwIXFUyzv58ZqkcC5DlLZCxXVfq/AhcGAA==,QQQwD2J1Z2V0LmNvbnRhaW5lciEBBjA/YnVnZXQuY29udGFpbmVyIG9wc0Buc3BjYy5ydSAxNjY2Nzg4MTcyNTk4IDM2MDAgNjAwIDYwNDgwMCAzNjAwIQA=
nns,IhXNWjrmg3L3ER/pjhlYQd9GfSIOFc1aOuaDcvcRH+mOGVhB30Z9Ig4GAA==,QQQwD3JyZWdyLmNvbnRhaW5lciEBBjA/cnJlZ3IuY29udGFpbmVyIG9wc0Buc3BjYy5ydSAxNjY1NjQ0MjQ3MTQ5IDM2MDAgNjAwIDYwNDgwMCAzNjAwIQA=
nns,IhbDIhl8EdVz0ovBdBh1xX9pEYo6FsMiGXwR1XPSi8F0GHXFf2kRijoGAA==,QQQwGmRraXJpbGxvdi1yY2xvbmUuY29udGFpbmVyIQEGMEpka2lyaWxsb3YtcmNsb25lLmNvbnRhaW5lciBvcHNAbnNwY2MucnUgMTY2NTQ4MDU0MDM5NCAzNjAwIDYwMCA2MDQ4MDAgMzYwMCEA
nns,IhbDIhl8EdVz0ovBdBh1xX9pEYo6FsMiGXwR1XPSi8F0GHXFf2kRijoQAA==,QQQwGmRraXJpbGxvdi1yY2xvbmUuY29udGFpbmVyIQEQKCxFUnY2TG5KQnpLakdaQUZXZEU0MUJaM2liS242eDlyczRqdFlTbkRYRUpWQSEA
nns,Ihj90YIC0LdmirNgQsrMEu3x8pU/GP3RggLQt2aKs2BCyswS7fHylT8GAA==,QQQwGHRlc3QtYXR0ZW1wdHMxLmNvbnRhaW5lciEBBjBIdGVzdC1hdHRlbXB0czEuY29udGFpbmVyIG9wc0Buc3BjYy5ydSAxNjY2OTQzMDE1MzI2IDM2MDAgNjAwIDYwNDgwMCAzNjAwIQA=
nns,Ihj90YIC0LdmirNgQsrMEu3x8pU/GP3RggLQt2aKs2BCyswS7fHylT8QAA==,QQQwGHRlc3QtYXR0ZW1wdHMxLmNvbnRhaW5lciEBECgsQzFQb3V4ZThkQURMbko2SjFrZXFuckM2NzNEbmo2ZFo1dkJnY0p0NjJ2QVYhAA==
nns,IhuNqI8/bwpA299chMoaW5za1L+JG42ojz9vCkDb31yEyhpbnNrUv4kGAA==,QQQwPmFlZmdldDJhZWZnZXQyYWVmZ2V0MmFlZmdldDJhZWZnZXQyYWVlZmdldDJhZWZnZXQyYWUuY29udGFpbmVyIQEGMG5hZWZnZXQyYWVmZ2V0MmFlZmdldDJhZWZnZXQyYWVmZ2V0MmFlZWZnZXQyYWVmZ2V0MmFlLmNvbnRhaW5lciBvcHNAbnNwY2MucnUgMTY2OTgwNTExNjMxOCAzNjAwIDYwMCA2MDQ4MDAgMzYwMCEA
nns,IhuNqI8/bwpA299chMoaW5za1L+JG42ojz9vCkDb31yEyhpbnNrUv4kQAA==,QQQwPmFlZmdldDJhZWZnZXQyYWVmZ2V0MmFlZmdldDJhZWZnZXQyYWVlZmdldDJhZWZnZXQyYWUuY29udGFpbmVyIQEQKCw5NVJQTWYyc3hIUzZBMlVQY1BtZEd5eEpDeWMzRnF0blBtRFNNVlN3cUplMiEA
nns,IhvPl22Iy0FprsZrYlY3dhCa/ZHXG8+XbYjLQWmuxmtiVjd2EJr9kdcGAA==,QQQoD2FscGhhYmV0Ni5uZW9mcyEBBjA/YWxwaGFiZXQ2Lm5lb2ZzIG9wc0Buc3BjYy5ydSAxNjU4MTYwMDc2OTc0IDM2MDAgNjAwIDYwNDgwMCAzNjAwIQA=
nns,IhvPl22Iy0FprsZrYlY3dhCa/ZHXG8+XbYjLQWmuxmtiVjd2EJr9kdcQAA==,QQQoD2FscGhhYmV0Ni5uZW9mcyEBECgoMDhmYWQ0MDUxMjEwYTY2YzAzYjgxOWEwMGE2MDMzMGRkYWUyYzY3YSEA
nns,IhxuH70sjF6q7RspZlfe2iLt67YJHG4fvSyMXqrtGylmV97aIu3rtgkGAA==,QQQwDXdyZi5jb250YWluZXIhAQYwPXdyZi5jb250YWluZXIgb3BzQG5zcGNjLnJ1IDE2Njg3NjczMjk1OTcgMzYwMCA2MDAgNjA0ODAwIDM2MDAhAA==
nns,IhxuH70sjF6q7RspZlfe2iLt67YJHG4fvSyMXqrtGylmV97aIu3rtgkQAA==,QQQwDXdyZi5jb250YWluZXIhARAoLDVpUWlOS1RyZ1VvaXZLSDlwRDVIRzJCQnBxMlZQa3M5b04xNFR6TWFubVI3IQA=
nns,IiBhFBQaDfuxdQ2RUzZl1bqw1ayjIGEUFBoN+7F1DZFTNmXVurDVrKMGAA==,QQQwH2RraXJpbGxvdi1yY2xvbmUtcmVwMS5jb250YWluZXIhAQYwT2RraXJpbGxvdi1yY2xvbmUtcmVwMS5jb250YWluZXIgb3BzQG5zcGNjLnJ1IDE2NjU0ODI3MDQ1NjcgMzYwMCA2MDAgNjA0ODAwIDM2MDAhAA==
nns,IiBhFBQaDfuxdQ2RUzZl1bqw1ayjIGEUFBoN+7F1DZFTNmXVurDVrKMQAA==,QQQwH2RraXJpbGxvdi1yY2xvbmUtcmVwMS5jb250YWluZXIhARAoLDhjdTQzaURtY3hnQUNVWnNuYmIxY0pMM2RpMWo4QlN1b28xTUJ3OWNNblNkIQA=
nns,IintOmcrK8Qt6sjeOHw+WOYZgoM3Ke06ZysrxC3qyN44fD5Y5hmCgzcGAA==,QQQwD2h0dHAxLmNvbnRhaW5lciEBBjA/aHR0cDEuY29udGFpbmVyIG9wc0Buc3BjYy5ydSAxNjY5ODA0OTMwMjc4IDM2MDAgNjAwIDYwNDgwMCAzNjAwIQA=
nns,Ii7y7/b+ADmp87rV+IpLJw7wcJv0LvLv9v4AOanzutX4iksnDvBwm/QGAA==,QQQoD2NvbnRhaW5lci5uZW9mcyEBBjA/Y29udGFpbmVyLm5lb2ZzIG9wc0Buc3BjYy5ydSAxNjU4MTYwMDc2OTc0IDM2MDAgNjAwIDYwNDgwMCAzNjAwIQA=
nns,Ii7y7/b+ADmp87rV+IpLJw7wcJv0LvLv9v4AOanzutX4iksnDvBwm/QQAA==,QQQoD2NvbnRhaW5lci5uZW9mcyEBECgoNzBjZjM4ZGViMWZmN2E0ZjY0Y2IxMTI3ZWFmY2Q3NWNkMzgwODNkNCEA
nns,Ii9ZQNyy71v2rLwbxgRGPUO3z4Y3L1lA3LLvW/asvBvGBEY9Q7fPhjcGAA==,QQQoCWNvbnRhaW5lciEBBjA5Y29udGFpbmVyIG9wc0Buc3BjYy5ydSAxNjU4MTU5OTk5MTc0IDM2MDAgNjAwIDYwNDgwMCAzNjAwIQA=
nns,IjIJKLPAFfaYC0ibkrVuwRfWrkTBMgkos8AV9pgLSJuStW7BF9auRMEGAA==,QQQwGWRhdGFsb3JlLW1vZGVscy5jb250YWluZXIhAQYwSWRhdGFsb3JlLW1vZGVscy5jb250YWluZXIgb3BzQG5zcGNjLnJ1IDE2NjY4NzM3ODY4ODYgMzYwMCA2MDAgNjA0ODAwIDM2MDAhAA==
nns,IjIJKLPAFfaYC0ibkrVuwRfWrkTBMgkos8AV9pgLSJuStW7BF9auRMEQAA==,QQQwGWRhdGFsb3JlLW1vZGVscy5jb250YWluZXIhARAoLEM3N0cyMjJnUkZVTnZzeks1VHhpaXhEYmlSd1RYR0JnYURCa2hzTnljc3I0IQA=
nns,IjZyAauU8BKV1Vie67MZFY1/m67eNnIBq5TwEpXVWJ7rsxkVjX+brt4GAA==,QQQwDmZmcncuY29udGFpbmVyIQEGMD5mZnJ3LmNvbnRhaW5lciBvcHNAbnNwY2MucnUgMTY2NzgyMzAwOTgwMyAzNjAwIDYwMCA2MDQ4MDAgMzYwMCEA
nns,IjZyAauU8BKV1Vie67MZFY1/m67eNnIBq5TwEpXVWJ7rsxkVjX+brt4QAA==,QQQwDmZmcncuY29udGFpbmVyIQEQKCxBR3Nva1R4M3BXSmd0S2NldlMyVjJzZFhncjR2Yk5jTnJqSGNWSnZvcnhTRSEA
nns,Ijd6aA4fAtj81UiTrHKbwA4fux5ZN3poDh8C2PzVSJOscpvADh+7HlkGAA==,QQQwEmRhdGFsb3JlLmNvbnRhaW5lciEBBjBCZGF0YWxvcmUuY29udGFpbmVyIG9wc0Buc3BjYy5ydSAxNjY2NzkwOTQ4NjgyIDM2MDAgNjAwIDYwNDgwMCAzNjAwIQA=
nns,Ijd6aA4fAtj81UiTrHKbwA4fux5ZN3poDh8C2PzVSJOscpvADh+7HlkQAA==,QQQwEmRhdGFsb3JlLmNvbnRhaW5lciEBECgsN0pwcTZUckFSd2IxM1BjZ1FnNjZHOHhhdFhYM1JhbWpnY2pxVlI1WTJCRGchAA==
nns,IjfQKw56X2Xj8lfdM5YcwAeHmCubN9ArDnpfZePyV90zlhzAB4eYK5sGAA==,QQQwDnRlc3QuY29udGFpbmVyIQEGMD50ZXN0LmNvbnRhaW5lciBvcHNAbnNwY2MucnUgMTY2ODc2NzQwNzE3OSAzNjAwIDYwMCA2MDQ4MDAgMzYwMCEA
nns,IjpHgxs8GKEe/hl9C56EMd+XLo5yOkeDGzwYoR7+GX0LnoQx35cujnIGAA==,QQQwDXNmdi5jb250YWluZXIhAQYwPXNmdi5jb250YWluZXIgb3BzQG5zcGNjLnJ1IDE2NjYyNzkwNjg1NjggMzYwMCA2MDAgNjA0ODAwIDM2MDAhAA==
nns,Ij40MuHo5cAUKXGn8slykvvadYt9PjQy4ejlwBQpcafyyXKS+9p1i30GAA==,QQQwGHRlc3QtYXR0ZW1wdHMyLmNvbnRhaW5lciEBBjBIdGVzdC1hdHRlbXB0czIuY29udGFpbmVyIG9wc0Buc3BjYy5ydSAxNjY2OTQzMDc3MjUxIDM2MDAgNjAwIDYwNDgwMCAzNjAwIQA=
nns,Ij40MuHo5cAUKXGn8slykvvadYt9PjQy4ejlwBQpcafyyXKS+9p1i30QAA==,QQQwGHRlc3QtYXR0ZW1wdHMyLmNvbnRhaW5lciEBECgsNDltYmo1YUpCMWhENkxZRWphSnlBY0hncHJkazZYNUR2bVVkZENWNWJTWHEhAA==
nns,IkFEfR/46MP78UZMrFCXkJfCiCd2QUR9H/jow/vxRkysUJeQl8KIJ3YGAA==,QQQwE21uaXN0LWltZy5jb250YWluZXIhAQYwQ21uaXN0LWltZy5jb250YWluZXIgb3BzQG5zcGNjLnJ1IDE2Njg1MDA5NTY5NjkgMzYwMCA2MDAgNjA0ODAwIDM2MDAhAA==
nns,IkFEfR/46MP78UZMrFCXkJfCiCd2QUR9H/jow/vxRkysUJeQl8KIJ3YQAA==,QQQwE21uaXN0LWltZy5jb250YWluZXIhARAoLEJoamJyWjd2RmZOaTJiMzRBblZBdXVzVVFpSlhUNlE4RXc0anNlQzV4UzJnIQA=
nns,IkMcHMxqgpypfS7KAsRNvTvws9pEQxwczGqCnKl9LsoCxE29O/Cz2kQGAA==,QQQoC2dyb3VwLm5lb2ZzIQEGMDtncm91cC5uZW9mcyBvcHNAbnNwY2MucnUgMTY1ODE2MDA3Njk3NCAzNjAwIDYwMCA2MDQ4MDAgMzYwMCEA
nns,IkMcHMxqgpypfS7KAsRNvTvws9pEQxwczGqCnKl9LsoCxE29O/Cz2kQQAA==,QQQoC2dyb3VwLm5lb2ZzIQEQKEIwM2Q4NTU3YmIyYTg0ODZmMmE0NDdjOGQ5ODVjZjU3OTU3NzQxNGMxYTU0NGU3ODNjMTJkYTE1NjJkNTM4MDQ3YzUhAA==
nns,IkRhQz37MWICW+cIlmUJkE/rJ3bSRGFDPfsxYgJb5wiWZQmQT+sndtIGAA==,QQQwF2F2LXByZXR0eS1jYXQuY29udGFpbmVyIQEGMEdhdi1wcmV0dHktY2F0LmNvbnRhaW5lciBvcHNAbnNwY2MucnUgMTY2NzM5MTE3OTczOCAzNjAwIDYwMCA2MDQ4MDAgMzYwMCEA
nns,IkRhQz37MWICW+cIlmUJkE/rJ3bSRGFDPfsxYgJb5wiWZQmQT+sndtIQAA==,QQQwF2F2LXByZXR0eS1jYXQuY29udGFpbmVyIQEQKCxHdGo1elp1YVJ4ZVE3VTNwSEJoYVZGYjdVZXJZdGt1Q1RhSGd4VThyNGNORSEA
nns,IkcijdFc5TPXa9x1H95zcaucJU9xRyKN0VzlM9dr3HUf3nNxq5wlT3EGAA==,QQQwDjM0ZnIuY29udGFpbmVyIQEGMD4zNGZyLmNvbnRhaW5lciBvcHNAbnNwY2MucnUgMTY2OTgwNDg1MjY0NSAzNjAwIDYwMCA2MDQ4MDAgMzYwMCEA
nns,IkdK8O5WbvtfxBsdwXIrzIKSxFbMR0rw7lZu+1/EGx3BcivMgpLEVswGAA==,QQQwE2RraXJpbGxvdi5jb250YWluZXIhAQYwQ2RraXJpbGxvdi5jb250YWluZXIgb3BzQG5zcGNjLnJ1IDE2NjI0NzI3OTcwMjEgMzYwMCA2MDAgNjA0ODAwIDM2MDAhAA==
nns,IkdK8O5WbvtfxBsdwXIrzIKSxFbMR0rw7lZu+1/EGx3BcivMgpLEVswQAA==,QQQwE2RraXJpbGxvdi5jb250YWluZXIhARAoLDdNaUg1eXo3NVBEYWhUTm94aUs2TnFzNDQ2TVhNMWszMzJSalJ4eU1XQnlQIQA=
nns,IkesLOPKB6LxbEZUaghJv+ifEmScR6ws48oHovFsRlRqCEm/6J8SZJwGAA==,QQQwEm5ldy1idWNrLmNvbnRhaW5lciEBBjBCbmV3LWJ1Y2suY29udGFpbmVyIG9wc0Buc3BjYy5ydSAxNjY4NzgzOTE2ODI4IDM2MDAgNjAwIDYwNDgwMCAzNjAwIQA=
nns,IkesLOPKB6LxbEZUaghJv+ifEmScR6ws48oHovFsRlRqCEm/6J8SZJwQAA==,QQQwEm5ldy1idWNrLmNvbnRhaW5lciEBECgsM0FxbW1OMlE1bjNxVFlMZHJvZDdSWkR2OGZZYnZRM0c4WG42MW5rRUxRckQhAA==
nns,IkuLI4WK53Q5XOaM/+/Ksba3XjYqS4sjhYrndDlc5oz/78qxtrdeNioGAA==,QQQwE2Zmcndmcndmdi5jb250YWluZXIhAQYwQ2Zmcndmcndmdi5jb250YWluZXIgb3BzQG5zcGNjLnJ1IDE2NjYyNzk1OTQ5MzkgMzYwMCA2MDAgNjA0ODAwIDM2MDAhAA==
nns,Ik4X7eDcP0frODXGmqDjyWb9nmcQThft4Nw/R+s4NcaaoOPJZv2eZxAGAA==,QQQwEHRtcC10Mi5jb250YWluZXIhAQYwQHRtcC10Mi5jb250YWluZXIgb3BzQG5zcGNjLnJ1IDE2NjM2MDA3NzY2MTYgMzYwMCA2MDAgNjA0ODAwIDM2MDAhAA==
nns,Ik4X7eDcP0frODXGmqDjyWb9nmcQThft4Nw/R+s4NcaaoOPJZv2eZxAQAA==,QQQwEHRtcC10Mi5jb250YWluZXIhARAoLEgzNXFZdE10bVVoSkxyMm5ROHZHVVlMOWY5RUxDOW9hUlluV0VlcU1hSmFDIQA=
nns,IlEx5op3OBS7GKTebNX61wuouBhXUTHminc4FLsYpN5s1frXC6i4GFcGAA==,QQQoD2FscGhhYmV0MC5uZW9mcyEBBjA/YWxwaGFiZXQwLm5lb2ZzIG9wc0Buc3BjYy5ydSAxNjU4MTYwMDc2OTc0IDM2MDAgNjAwIDYwNDgwMCAzNjAwIQA=
nns,IlEx5op3OBS7GKTebNX61wuouBhXUTHminc4FLsYpN5s1frXC6i4GFcQAA==,QQQoD2FscGhhYmV0MC5uZW9mcyEBECgoNjE5MzYxMTRlYTdmYjBlN2I1YTI3MjNiMDJmNTA1ZjEyNmJiMmMwMiEA
nns,IlY5Mb4lPD7HD8xPJw9szoSqsQWqVjkxviU8PscPzE8nD2zOhKqxBaoGAA==,QQQoD2FscGhhYmV0NC5uZW9mcyEBBjA/YWxwaGFiZXQ0Lm5lb2ZzIG9wc0Buc3BjYy5ydSAxNjU4MTYwMDc2OTc0IDM2MDAgNjAwIDYwNDgwMCAzNjAwIQA=
nns,IlY5Mb4lPD7HD8xPJw9szoSqsQWqVjkxviU8PscPzE8nD2zOhKqxBaoQAA==,QQQoD2FscGhhYmV0NC5uZW9mcyEBECgoOGE2MjEyZjYzMDBlOGNmNzY4NjVlNDI4ZThkN2M5OTBkMmU0ZTk0YyEA
nns,Ilekhad2AENOrSqENruQt3kDFq5YV6SFp3YAQ06tKoQ2u5C3eQMWrlgGAA==,QQQwL2FlZmdldDJhZWZnZXQyYWVmZ2V0MmFlZmdldDJhZWZnZXQyYWUuY29udGFpbmVyIQEGMF9hZWZnZXQyYWVmZ2V0MmFlZmdldDJhZWZnZXQyYWVmZ2V0MmFlLmNvbnRhaW5lciBvcHNAbnNwY2MucnUgMTY2OTgwNTA2OTg0NyAzNjAwIDYwMCA2MDQ4MDAgMzYwMCEA
nns,Ilekhad2AENOrSqENruQt3kDFq5YV6SFp3YAQ06tKoQ2u5C3eQMWrlgQAA==,QQQwL2FlZmdldDJhZWZnZXQyYWVmZ2V0MmFlZmdldDJhZWZnZXQyYWUuY29udGFpbmVyIQEQKCw3RDNUWWt0RHY0RVdmMUZLZGZ2WFoxUjJwenJBOW15Q0d0dFZOclN3dGdnNyEA
nns,Ilgrd1CLXtdJv6mSTnkJp7NyTS3gWCt3UIte10m/qZJOeQmns3JNLeAGAA==,QQQwEWh0dHAxcmUuY29udGFpbmVyIQEGMEFodHRwMXJlLmNvbnRhaW5lciBvcHNAbnNwY2MucnUgMTY2OTgwNDk0NTgxMSAzNjAwIDYwMCA2MDQ4MDAgMzYwMCEA
nns,Ilu1ZAN5qvZYbJ8dc7fRa65oYHW2W7VkA3mq9lhsnx1zt9FrrmhgdbYGAA==,QQQwDmVydGcuY29udGFpbmVyIQEGMD5lcnRnLmNvbnRhaW5lciBvcHNAbnNwY2MucnUgMTY2Njg2MDc2MDkzMCAzNjAwIDYwMCA2MDQ4MDAgMzYwMCEA
nns,Il/hVCpDGlfcLWnnMMONOFlOHO0yX+FUKkMaV9wtaecww404WU4c7TIGAA==,QQQoEHJlcHV0YXRpb24ubmVvZnMhAQYwQHJlcHV0YXRpb24ubmVvZnMgb3BzQG5zcGNjLnJ1IDE2NTgxNjAwNzY5NzQgMzYwMCA2MDAgNjA0ODAwIDM2MDAhAA==
nns,Il/hVCpDGlfcLWnnMMONOFlOHO0yX+FUKkMaV9wtaecww404WU4c7TIQAA==,QQQoEHJlcHV0YXRpb24ubmVvZnMhARAoKDJmYmNhOTEwOTY4MjI4MjViOGU5ZjcxZmY1OTYzODFjZWI0YmQ3NDkhAA==
nns,ImCEUZYjLaUi4bMMzWYTHSYIujD2YIRRliMtpSLhswzNZhMdJgi6MPYGAA==,QQQwD3Rlc3QyLmNvbnRhaW5lciEBBjA/dGVzdDIuY29udGFpbmVyIG9wc0Buc3BjYy5ydSAxNjY4MDgwNTg0NDc3IDM2MDAgNjAwIDYwNDgwMCAzNjAwIQA=
nns,ImCEUZYjLaUi4bMMzWYTHSYIujD2YIRRliMtpSLhswzNZhMdJgi6MPYQAA==,QQQwD3Rlc3QyLmNvbnRhaW5lciEBECgsQk1Zd2RUSGdORmhRbkdMUnFXRG5ac3FvV3RlcjU0NE1jN3lORmJnb3ljVGghAA==
nns,ImPkAb5nKTTZhUXd81VrmBuTjSRqY+QBvmcpNNmFRd3zVWuYG5ONJGoGAA==,QQQwDmZyc2YuY29udGFpbmVyIQEGMD5mcnNmLmNvbnRhaW5lciBvcHNAbnNwY2MucnUgMTY2OTgwNDkxNDY2MiAzNjAwIDYwMCA2MDQ4MDAgMzYwMCEA
nns,ImWDLmp7xKdxoMch1nQbnae6kKxAZYMuanvEp3GgxyHWdBudp7qQrEAGAA==,QQQwDjRjYXQuY29udGFpbmVyIQEGMD40Y2F0LmNvbnRhaW5lciBvcHNAbnNwY2MucnUgMTY2Mjk5NzIwNTk3OCAzNjAwIDYwMCA2MDQ4MDAgMzYwMCEA
nns,ImWXoVmPoJOatl9x6dHb7yr56SjtZZehWY+gk5q2X3Hp0dvvKvnpKO0GAA==,QQQwD2NhdDIyLmNvbnRhaW5lciEBBjA/Y2F0MjIuY29udGFpbmVyIG9wc0Buc3BjYy5ydSAxNjY2MjcyNjMwNjQ2IDM2MDAgNjAwIDYwNDgwMCAzNjAwIQA=
nns,Imfw0azclBI+EJBCPLEYDj3n35rtZ/DRrNyUEj4QkEI8sRgOPeffmu0GAA==,QQQoD2FscGhhYmV0NS5uZW9mcyEBBjA/YWxwaGFiZXQ1Lm5lb2ZzIG9wc0Buc3BjYy5ydSAxNjU4MTYwMDc2OTc0IDM2MDAgNjAwIDYwNDgwMCAzNjAwIQA=
nns,Imfw0azclBI+EJBCPLEYDj3n35rtZ/DRrNyUEj4QkEI8sRgOPeffmu0QAA==,QQQoD2FscGhhYmV0NS5uZW9mcyEBECgoMzQ1NmIyOTg3N2ZkOTBkOTgwYTMzNTBkYmZlYTQ0OGIwMmU4NmVkMyEA
nns,Im8ZZPBKTxk9U0HJEmETUBn/E2Nzbxlk8EpPGT1TQckSYRNQGf8TY3MGAA==,QQQoDHN1Ym5ldC5uZW9mcyEBBjA8c3VibmV0Lm5lb2ZzIG9wc0Buc3BjYy5ydSAxNjU4MTYwMDc2OTc0IDM2MDAgNjAwIDYwNDgwMCAzNjAwIQA=
nns,Im8ZZPBKTxk9U0HJEmETUBn/E2Nzbxlk8EpPGT1TQckSYRNQGf8TY3MQAA==,QQQoDHN1Ym5ldC5uZW9mcyEBECgoZTBhMmRjYzRkYTdlOGM0OGFlMjg5YzE0ZGM2YzA1ODM0OTNkYWY5MCEA
nns,Im/ErCCJwwGWyFlQGLdBSGN6Yy12b8SsIInDAZbIWVAYt0FIY3pjLXYGAA==,QQQwDmNhdGYuY29udGFpbmVyIQEGMD5jYXRmLmNvbnRhaW5lciBvcHNAbnNwY2MucnUgMTY2MjY0MTg5MzQ3NSAzNjAwIDYwMCA2MDQ4MDAgMzYwMCEA
nns,InBbuMOhE4RwBrRhzAWJDYuaxrh+cFu4w6EThHAGtGHMBYkNi5rGuH4GAA==,QQQwDmVhY2wuY29udGFpbmVyIQEGMD5lYWNsLmNvbnRhaW5lciBvcHNAbnNwY2MucnUgMTY2NjI3MjY2MTUzMCAzNjAwIDYwMCA2MDQ4MDAgMzYwMCEA
nns,InIazA4JG35vSIaTRBTyKtf5CRGFchrMDgkbfm9IhpNEFPIq1/kJEYUGAA==,QQQwD2VhY2wyLmNvbnRhaW5lciEBBjA/ZWFjbDIuY29udGFpbmVyIG9wc0Buc3BjYy5ydSAxNjY5ODA0ODY4MTAzIDM2MDAgNjAwIDYwNDgwMCAzNjAwIQA=
nns,Ins94R8e552dkInnfh6COzVN34u6ez3hHx7nnZ2Qied+HoI7NU3fi7oGAA==,QQQwD2NhdDIzLmNvbnRhaW5lciEBBjA/Y2F0MjMuY29udGFpbmVyIG9wc0Buc3BjYy5ydSAxNjY2MjcyNjQ2MjEyIDM2MDAgNjAwIDYwNDgwMCAzNjAwIQA=
nns,In/qX1Srgd7l4S+DIFfZnYaUvi/lf+pfVKuB3uXhL4MgV9mdhpS+L+UGAA==,QQQoDW5lb2ZzaWQubmVvZnMhAQYwPW5lb2ZzaWQubmVvZnMgb3BzQG5zcGNjLnJ1IDE2NTgxNjAwNzY5NzQgMzYwMCA2MDAgNjA0ODAwIDM2MDAhAA==
nns,In/qX1Srgd7l4S+DIFfZnYaUvi/lf+pfVKuB3uXhL4MgV9mdhpS+L+UQAA==,QQQoDW5lb2ZzaWQubmVvZnMhARAoKDgyMWZiZTkwYjIxOTg2ODgzY2QxOTU1MWJlNjg5Y2NhMDE3MGU5ZmIhAA==
nns,IoeL2YdC2SMaqQ940rqjTKz8vNjTh4vZh0LZIxqpD3jSuqNMrPy82NMGAA==,QQQwEHRlc3Q0NC5jb250YWluZXIhAQYwQHRlc3Q0NC5jb250YWluZXIgb3BzQG5zcGNjLnJ1IDE2NjYyNzI3MjMzOTUgMzYwMCA2MDAgNjA0ODAwIDM2MDAhAA==
nns,Io0zcw25xZMipZiQoo/odLq7KuYsjTNzDbnFkyKlmJCij+h0ursq5iwGAA==,QQQwDnJmd2YuY29udGFpbmVyIQEGMD5yZndmLmNvbnRhaW5lciBvcHNAbnNwY2MucnUgMTY2Mzc2MTk4OTg2OSAzNjAwIDYwMCA2MDQ4MDAgMzYwMCEA
nns,Io192ANaViV9nGI80Z8u4+PHCv0ujX3YA1pWJX2cYjzRny7j48cK/S4GAA==,QQQwDWV0Yi5jb250YWluZXIhAQYwPWV0Yi5jb250YWluZXIgb3BzQG5zcGNjLnJ1IDE2NjYyNzk5ODE4NjggMzYwMCA2MDAgNjA0ODAwIDM2MDAhAA==
nns,Io5j9Jvi0QgauP+vwLuoWsY8+geXjmP0m+LRCBq4/6/Au6haxjz6B5cGAA==,QQQwD3J0Z3RlLmNvbnRhaW5lciEBBjA/cnRndGUuY29udGFpbmVyIG9wc0Buc3BjYy5ydSAxNjY2ODYwODIyOTMxIDM2MDAgNjAwIDYwNDgwMCAzNjAwIQA=
nns,IpDAMaRRF6EB01zyFyzcR1AZHKwRkMAxpFEXoQHTXPIXLNxHUBkcrBEGAA==,QQQwD2J1a2V0LmNvbnRhaW5lciEBBjA/YnVrZXQuY29udGFpbmVyIG9wc0Buc3BjYy5ydSAxNjY4Nzg0MTMzNDIzIDM2MDAgNjAwIDYwNDgwMCAzNjAwIQA=
nns,IpDAMaRRF6EB01zyFyzcR1AZHKwRkMAxpFEXoQHTXPIXLNxHUBkcrBEQAA==,QQQwD2J1a2V0LmNvbnRhaW5lciEBECgsRVlNNXJBNXpSM3B2RnJZcm5wMkFrb1c1UWQyRWQybmpBWlFEbjM2ak1WRzQhAA==
nns,IpF2Fq7QDYbb0x8WhZqZDdvhAceCkXYWrtANhtvTHxaFmpkN2+EBx4IGAA==,QQQoDWJhbGFuY2UubmVvZnMhAQYwPWJhbGFuY2UubmVvZnMgb3BzQG5zcGNjLnJ1IDE2NTgxNjAwNzY5NzQgMzYwMCA2MDAgNjA0ODAwIDM2MDAhAA==
nns,IpF2Fq7QDYbb0x8WhZqZDdvhAceCkXYWrtANhtvTHxaFmpkN2+EBx4IQAA==,QQQoDWJhbGFuY2UubmVvZnMhARAoKDU0ZjNiZDRkYmVjNmVjZDBmNTE3N2I1YmQ4NmYwOTA0M2UzNGQ0NWYhAA==
nns,IpG8hMjGHD8BvmtibT75su77qXzkkbyEyMYcPwG+a2JtPvmy7vupfOQGAA==,QQQwEmNuci1uYW1lLmNvbnRhaW5lciEBBjBCY25yLW5hbWUuY29udGFpbmVyIG9wc0Buc3BjYy5ydSAxNjYyNzExNDg4NzM1IDM2MDAgNjAwIDYwNDgwMCAzNjAwIQA=
nns,IpG8hMjGHD8BvmtibT75su77qXzkkbyEyMYcPwG+a2JtPvmy7vupfOQQAA==,QQQwEmNuci1uYW1lLmNvbnRhaW5lciEBECgsNExFV0NLQ2g3NGlXQzRjZjRHRXBOcWlUSjIzTUJxdGFnNXJYREdxSkF0aDkhAA==
nns,IpHeZwN1QPLK6IvmBOaclR2reNwkkd5nA3VA8sroi+YE5pyVHat43CQGAA==,QQQwDWNhdC5jb250YWluZXIhAQYwPWNhdC5jb250YWluZXIgb3BzQG5zcGNjLnJ1IDE2NjYyNzI1Mzc4NjUgMzYwMCA2MDAgNjA0ODAwIDM2MDAhAA==
nns,IpP/ArERauvgzphdUSLfyuf4z+bck/8CsRFq6+DOmF1RIt/K5/jP5twGAA==,QQQwEHRlc3Rmci5jb250YWluZXIhAQYwQHRlc3Rmci5jb250YWluZXIgb3BzQG5zcGNjLnJ1IDE2NjY4NjA4Mzg0NzIgMzYwMCA2MDAgNjA0ODAwIDM2MDAhAA==
nns,Ip79F8hk83Feollp7BJZMHSvJ0tJnv0XyGTzcV6iWWnsElkwdK8nS0kGAA==,QQQwDWdlci5jb250YWluZXIhAQYwPWdlci5jb250YWluZXIgb3BzQG5zcGNjLnJ1IDE2NjY4NjA3Mjk5NTIgMzYwMCA2MDAgNjA0ODAwIDM2MDAhAA==
nns,Ip9xZ8bWmQu3Ww9YMpCm3rHfld/un3FnxtaZC7dbD1gykKbesd+V3+4GAA==,QQQwDXZzci5jb250YWluZXIhAQYwPXZzci5jb250YWluZXIgb3BzQG5zcGNjLnJ1IDE2NjYyNzkwOTk1OTAgMzYwMCA2MDAgNjA0ODAwIDM2MDAhAA==
nns,IqD3KPY1/FUI/NpXksfYBh+efxxOoPco9jX8VQj82leSx9gGH55/HE4GAA==,QQQoD2FscGhhYmV0My5uZW9mcyEBBjA/YWxwaGFiZXQzLm5lb2ZzIG9wc0Buc3BjYy5ydSAxNjU4MTYwMDc2OTc0IDM2MDAgNjAwIDYwNDgwMCAzNjAwIQA=
nns,IqD3KPY1/FUI/NpXksfYBh+efxxOoPco9jX8VQj82leSx9gGH55/HE4QAA==,QQQoD2FscGhhYmV0My5uZW9mcyEBECgoZDc5MzA1ODkzOGM3ODdhNGE0ZWFmYTIxMGQ5ODI4YTc1NGM1YWJiZiEA
nns,IqOmj1LtTBCZUMcx9mRfcV+RLpEko6aPUu1MEJlQxzH2ZF9xX5EukSQGAA==,QQQwDWVyZy5jb250YWluZXIhAQYwPWVyZy5jb250YWluZXIgb3BzQG5zcGNjLnJ1IDE2NjYyNzI2NzcwMzIgMzYwMCA2MDAgNjA0ODAwIDM2MDAhAA==
nns,Iq2hx33EWlVxWMLlBaQg8ahQl+ZKraHHfcRaVXFYwuUFpCDxqFCX5koGAA==,QQQwD2ZycndmLmNvbnRhaW5lciEBBjA/ZnJyd2YuY29udGFpbmVyIG9wc0Buc3BjYy5ydSAxNjY2Mjc5NTc5NjMwIDM2MDAgNjAwIDYwNDgwMCAzNjAwIQA=
nns,Iq/9HFtmXQqxl9joywmTSiOxp7vmr/0cW2ZdCrGX2OjLCZNKI7Gnu+YGAA==,QQQwDnZyc3YuY29udGFpbmVyIQEGMD52cnN2LmNvbnRhaW5lciBvcHNAbnNwY2MucnUgMTY2NjI4MTU5MTUzMyAzNjAwIDYwMCA2MDQ4MDAgMzYwMCEA
nns,IraD1LzPwlsC0Q50ks3AvzcuFTS+toPUvM/CWwLRDnSSzcC/Ny4VNL4GAA==,QQQwFGRraXJpbGxvdjIuY29udGFpbmVyIQEGMERka2lyaWxsb3YyLmNvbnRhaW5lciBvcHNAbnNwY2MucnUgMTY2MzA1MjI4NTQ1MCAzNjAwIDYwMCA2MDQ4MDAgMzYwMCEA
nns,IraD1LzPwlsC0Q50ks3AvzcuFTS+toPUvM/CWwLRDnSSzcC/Ny4VNL4QAA==,QQQwFGRraXJpbGxvdjIuY29udGFpbmVyIQEQKCxGelhrbkdGdFltaUZhWnZTcGZ4c3RBejhrZkJTQWlCdnRrMmhQekM0bjVaZyEA
nns,IraTsIMLnxTRDbsmDCgmebnfNOTOtpOwgwufFNENuyYMKCZ5ud805M4GAA==,QQQwDmRmZGYuY29udGFpbmVyIQEGMD5kZmRmLmNvbnRhaW5lciBvcHNAbnNwY2MucnUgMTY2Mjk5NzM0NTE0NyAzNjAwIDYwMCA2MDQ4MDAgMzYwMCEA
nns,IrlVdtDME4oxOxjXCusT/o1n3c4nuVV20MwTijE7GNcK6xP+jWfdzicGAA==,QQQoBW5lb2ZzIQEGMDVuZW9mcyBvcHNAbnNwY2MucnUgMTY1ODE2MDA2MTMyNiAzNjAwIDYwMCA2MDQ4MDAgMzYwMCEA
nns,IrmtuXsdU40W2V43cycCHdAlnMD3ua25ex1TjRbZXjdzJwId0CWcwPcGAA==,QQQwFWRvbWFpbi1uYW1lLmNvbnRhaW5lciEBBjBFZG9tYWluLW5hbWUuY29udGFpbmVyIG9wc0Buc3BjYy5ydSAxNjc1MjY3ODUyNDI0IDM2MDAgNjAwIDYwNDgwMCAzNjAwIQA=
nns,IrmtuXsdU40W2V43cycCHdAlnMD3ua25ex1TjRbZXjdzJwId0CWcwPcQAA==,QQQwFWRvbWFpbi1uYW1lLmNvbnRhaW5lciEBECgsOHFVU1NLamZ1eEZoTTFGSmQ1Wm9SWWZoc25oTFI5Y0JVQzJzcWt5dUpDZlUhAA==
nns,IrmtuXsdU40W2V43cycCHdAlnMD3ua25ex1TjRbZXjdzJwId0CWcwPcQAQ==,QQQwFWRvbWFpbi1uYW1lLmNvbnRhaW5lciEBECgsSDcyRlppVFBqM0V5alVqNHE5elNMdVhTR1JjZVFkcE5HUHlETHJMYmNpZzYhAQE=
nns,IrsJCpK9ClvNkLBPC0jvGRX5jfDjuwkKkr0KW82QsE8LSO8ZFfmN8OMGAA==,QQQoD2FscGhhYmV0Mi5uZW9mcyEBBjA/YWxwaGFiZXQyLm5lb2ZzIG9wc0Buc3BjYy5ydSAxNjU4MTYwMDc2OTc0IDM2MDAgNjAwIDYwNDgwMCAzNjAwIQA=
nns,IrsJCpK9ClvNkLBPC0jvGRX5jfDjuwkKkr0KW82QsE8LSO8ZFfmN8OMQAA==,QQQoD2FscGhhYmV0Mi5uZW9mcyEBECgoM2NmMzFlMjU5NDc4NDJhM2Y3NjcwODk2ZmQ4NTJiYzMyNDdlMjczNyEA
nns,IsAFwZRzvR0jnSrgVxK+CWfK46vXwAXBlHO9HSOdKuBXEr4JZ8rjq9cGAA==,QQQwEnJ3dGJyZXRiLmNvbnRhaW5lciEBBjBCcnd0YnJldGIuY29udGFpbmVyIG9wc0Buc3BjYy5ydSAxNjY2MjcyNzA3OTY5IDM2MDAgNjAwIDYwNDgwMCAzNjAwIQA=
nns,IsIiRNbi0lO4wid/9AHg2YyGFjXkwiJE1uLSU7jCJ3/0AeDZjIYWNeQGAA==,QQQwEHF3ZXF3ZS5jb250YWluZXIhAQYwQHF3ZXF3ZS5jb250YWluZXIgb3BzQG5zcGNjLnJ1IDE2Njg3NjczNzU5NTYgMzYwMCA2MDAgNjA0ODAwIDM2MDAhAA==
nns,IsIiRNbi0lO4wid/9AHg2YyGFjXkwiJE1uLSU7jCJ3/0AeDZjIYWNeQQAA==,QQQwEHF3ZXF3ZS5jb250YWluZXIhARAoLEc3aU1ROGloODY2TmM3dVRIelNHUGR3SDJKbjJNaTJiWTJCRU5ZakVQSGl6IQA=
nns,IsSJBlIOqg69wSgeyXVnYyOoIJ6jxIkGUg6qDr3BKB7JdWdjI6ggnqMGAA==,QQQoDG5ldG1hcC5uZW9mcyEBBjA8bmV0bWFwLm5lb2ZzIG9wc0Buc3BjYy5ydSAxNjU4MTYwMDc2OTc0IDM2MDAgNjAwIDYwNDgwMCAzNjAwIQA=
nns,IsSJBlIOqg69wSgeyXVnYyOoIJ6jxIkGUg6qDr3BKB7JdWdjI6ggnqMQAA==,QQQoDG5ldG1hcC5uZW9mcyEBECgoYzQ1NzZlYTVjMzA4MWRkNzY1YTE3YWFhYTczZDkzNTJlNzRiZGMyOCEA
nns,IslAXqQAomvTtIGjGtg87kdAj2fgyUBepACia9O0gaMa2DzuR0CPZ+AGAA==,QQQwDWZydy5jb250YWluZXIhAQYwPWZydy5jb250YWluZXIgb3BzQG5zcGNjLnJ1IDE2NjM3NTk4MjQ4MTcgMzYwMCA2MDAgNjA0ODAwIDM2MDAhAA==
nns,IsqlepLPHaccLwt3IPCwPfX00pvDyqV6ks8dpxwvC3cg8LA99fTSm8MGAA==,QQQwEGVyZmVyZi5jb250YWluZXIhAQYwQGVyZmVyZi5jb250YWluZXIgb3BzQG5zcGNjLnJ1IDE2NjY4NjA3OTIwNDYgMzYwMCA2MDAgNjA0ODAwIDM2MDAhAA==
nns,Is7BKmGJx9El6aTGXfXbTNunrDo4zsEqYYnH0SXppMZd9dtM26esOjgGAA==,QQQoC3Byb3h5Lm5lb2ZzIQEGMDtwcm94eS5uZW9mcyBvcHNAbnNwY2MucnUgMTY1ODE2MDA3Njk3NCAzNjAwIDYwMCA2MDQ4MDAgMzYwMCEA
nns,Is7BKmGJx9El6aTGXfXbTNunrDo4zsEqYYnH0SXppMZd9dtM26esOjgQAA==,QQQoC3Byb3h5Lm5lb2ZzIQEQKChiODhiN2FkMDg5OTc2NmVlMzliZjU1NDAxOGYyZGYwMDhmOTMwYTYxIQA=
nns,ItGf+FYI6891hw6cNeQcQHhut8Jg0Z/4Vgjrz3WHDpw15BxAeG63wmAGAA==,QQQwDWNhMi5jb250YWluZXIhAQYwPWNhMi5jb250YWluZXIgb3BzQG5zcGNjLnJ1IDE2NjYyNzI0NjAzNDEgMzYwMCA2MDAgNjA0ODAwIDM2MDAhAA==
nns,ItMBzJao8GM2Q0xQJ4xoObyTwWgx0wHMlqjwYzZDTFAnjGg5vJPBaDEGAA==,QQQwD2dldHZnLmNvbnRhaW5lciEBBjA/Z2V0dmcuY29udGFpbmVyIG9wc0Buc3BjYy5ydSAxNjY2MjgxNTc2MDIxIDM2MDAgNjAwIDYwNDgwMCAzNjAwIQA=
nns,ItPjlO+jIY3o211VkA0ZGcHV9gSG0+OU76MhjejbXVWQDRkZwdX2BIYGAA==,QQQwDWVydi5jb250YWluZXIhAQYwPWVydi5jb250YWluZXIgb3BzQG5zcGNjLnJ1IDE2NjYyNzI2OTI0NTggMzYwMCA2MDAgNjA0ODAwIDM2MDAhAA==
nns,ItZqSyNO0h/dsszyKw2Iy3g4OHfG1mpLI07SH92yzPIrDYjLeDg4d8YGAA==,QQQoC2F1ZGl0Lm5lb2ZzIQEGMDthdWRpdC5uZW9mcyBvcHNAbnNwY2MucnUgMTY1ODE2MDA3Njk3NCAzNjAwIDYwMCA2MDQ4MDAgMzYwMCEA
nns,ItZqSyNO0h/dsszyKw2Iy3g4OHfG1mpLI07SH92yzPIrDYjLeDg4d8YQAA==,QQQoC2F1ZGl0Lm5lb2ZzIQEQKCgwYjJlNTcxYWE3NjBjMjJhNWFiOTRiYWUzYTk3NTJiYjJlYjkxOGY1IQA=
nns,ItihUqtOjieX/Is43LAQfEle4coE2KFSq06OJ5f8izjcsBB8SV7hygQGAA==,QQQwFHRlc3RmcjM0NTMuY29udGFpbmVyIQEGMER0ZXN0ZnIzNDUzLmNvbnRhaW5lciBvcHNAbnNwY2MucnUgMTY2Njg2MDg1Mzg1MSAzNjAwIDYwMCA2MDQ4MDAgMzYwMCEA
nns,Itjm5hNivvqqfZHFFPsHQt7nSUPx2ObmE2K++qp9kcUU+wdC3udJQ/EGAA==,QQQwEHRlc3QtdC5jb250YWluZXIhAQYwQHRlc3QtdC5jb250YWluZXIgb3BzQG5zcGNjLnJ1IDE2NjM2MDA2MjIwOTkgMzYwMCA2MDAgNjA0ODAwIDM2MDAhAA==
nns,Itjm5hNivvqqfZHFFPsHQt7nSUPx2ObmE2K++qp9kcUU+wdC3udJQ/EQAA==,QQQwEHRlc3QtdC5jb250YWluZXIhARAoLERNdXFhNThQZ3RLenI0V1BaenJyRXVxVGpMYk1qamU3Z2h4QTNXWVh1dnNZIQA=
nns,IunwSd3G5uGtrXOfkA8R+/bim8jF6fBJ3cbm4a2tc5+QDxH79uKbyMUGAA==,QQQwDmNhdDIuY29udGFpbmVyIQEGMD5jYXQyLmNvbnRhaW5lciBvcHNAbnNwY2MucnUgMTY2NjI3MjU1MzE5MSAzNjAwIDYwMCA2MDQ4MDAgMzYwMCEA
nns,Iu6JC8ySKfOplyZqHNSy9dFEqrJ07okLzJIp86mXJmoc1LL10USqsnQGAA==,QQQwFW1uaXN0LW1vZGVsLmNvbnRhaW5lciEBBjBFbW5pc3QtbW9kZWwuY29udGFpbmVyIG9wc0Buc3BjYy5ydSAxNjY2ODc3Nzg5Mzk4IDM2MDAgNjAwIDYwNDgwMCAzNjAwIQA=
nns,Iu6JC8ySKfOplyZqHNSy9dFEqrJ07okLzJIp86mXJmoc1LL10USqsnQQAA==,QQQwFW1uaXN0LW1vZGVsLmNvbnRhaW5lciEBECgsN3JVTmRoRWRmQ3NVYzRkZ2JrSkM0cTd4VG9tRlBhVDlORVlkVUJoWlg3N1EhAA==
nns,Iu+0xAW5HoASrjEgxZvhO6n3sgA777TEBbkegBKuMSDFm+E7qfeyADsGAA==,QQQwD2Z3ZnJ3LmNvbnRhaW5lciEBBjA/ZndmcncuY29udGFpbmVyIG9wc0Buc3BjYy5ydSAxNjY2ODYwNzQ1Mzk1IDM2MDAgNjAwIDYwNDgwMCAzNjAwIQA=
nns,IvFk6K6J18j3BTjSJsghNXQqJjHT8WToronXyPcFONImyCE1dComMdMGAA==,QQQwDXJmdy5jb250YWluZXIhAQYwPXJmdy5jb250YWluZXIgb3BzQG5zcGNjLnJ1IDE2NjY4NjA2ODMzNDQgMzYwMCA2MDAgNjA0ODAwIDM2MDAhAA==
nns,IvYGg4tJ1lMRJXF+MoEP9AMG6YCn9gaDi0nWUxElcX4ygQ/0AwbpgKcGAA==,QQQwEnRlc3RtaWtlLmNvbnRhaW5lciEBBjBCdGVzdG1pa2UuY29udGFpbmVyIG9wc0Buc3BjYy5ydSAxNjYzOTM0OTk2MDE2IDM2MDAgNjAwIDYwNDgwMCAzNjAwIQA=
nns,IvYGg4tJ1lMRJXF+MoEP9AMG6YCn9gaDi0nWUxElcX4ygQ/0AwbpgKcQAA==,QQQwEnRlc3RtaWtlLmNvbnRhaW5lciEBECgsMmU4dUhUbnRlUW1jWlpOdVR4SkJHS0VDcjJLVWFmSDNCUDd2TTF0ckN4azQhAA==
nns,Ivia8wu610dxQwJwsTLhnqiyEupi+JrzC7rXR3FDAnCxMuGeqLIS6mIGAA==,QQQwGGRhdGFsb3JlLW1uaXN0LmNvbnRhaW5lciEBBjBIZGF0YWxvcmUtbW5pc3QuY29udGFpbmVyIG9wc0Buc3BjYy5ydSAxNjY2ODc2NjcyMTg2IDM2MDAgNjAwIDYwNDgwMCAzNjAwIQA=
nns,Ivia8wu610dxQwJwsTLhnqiyEupi+JrzC7rXR3FDAnCxMuGeqLIS6mIQAA==,QQQwGGRhdGFsb3JlLW1uaXN0LmNvbnRhaW5lciEBECgsQkJONVE0SEFqa1Q1NlBLS1BmeFhkTnJ6Zm1WTFVuZmJodE5yMkgxTUpjbUEhAA==
nns,IvqK++YLU1y6xAAPl8bib6Bf3LDp+or75gtTXLrEAA+XxuJvoF/csOkGAA==,QQQwDmNhY3QuY29udGFpbmVyIQEGMD5jYWN0LmNvbnRhaW5lciBvcHNAbnNwY2MucnUgMTY2NjI4MTcxNTI3MiAzNjAwIDYwMCA2MDQ4MDAgMzYwMCEA
nns,IvrBv9bpg8epD1JIjvfwW0G10UQ4+sG/1umDx6kPUkiO9/BbQbXRRDgGAA==,QQQwDnJlZnYuY29udGFpbmVyIQEGMD5yZWZ2LmNvbnRhaW5lciBvcHNAbnNwY2MucnUgMTY2Njg2MDcxNDQxOCAzNjAwIDYwMCA2MDQ4MDAgMzYwMCEA
nns,IvusYqbFqYpBjP7zGQFNsoVse2yz+6xipsWpikGM/vMZAU2yhWx7bLMGAA==,QQQwDmZyd3IuY29udGFpbmVyIQEGMD5mcndyLmNvbnRhaW5lciBvcHNAbnNwY2MucnUgMTY2Njg2MDc3NjU4MyAzNjAwIDYwMCA2MDQ4MDAgMzYwMCEA
